0,-76,-114,2,-23,-40,-112,-75,43,-111,-20,-41,58,-94,-104,-104,-73,-109,-22,-92,-51,-28,-21,-36,-90,0,-65,-104,-12,28,-52,52,58,0,33,24,-78,-33,-64,-107,56,-48,70,-102,-63,-65,-49,-21,118,-23,-22,131,120,123,138,121,115,-42,-52,131,145,147,55,26,137,-85,163,151,73,134,-45,-21,31,-32,-29,155,89,26,42,53,10,70,150,155,145,163,86,173,-10,67,52,94,158,-27,74,105,38,-75,-70,56,93,140,-102,160,56,98,133,59,56,10,57,52,58,52,47,52,58,55,48,58,47,10,45,47,53,49,58,124,-97,59,54,59,56,114,115,44,53,50,52,46,46,52,-110,77,58,54,59,49,56,58,49,56,10,57,53,51,59,97,59,57,51,10,49,55,105,80,56,10,10,56,49,47,54,57,108,55,72,53,85,49,96,51,170,49,59,59,171,49,54,54,54,47,53,51,59,57,120,58,72,10,51,49,57,49,60,53,54,59,10,51,56,55,59,60,53,10,59,10,49,10,56,48,59,59,47,51,56,10,50,51,10,54,57,98,58,48,59,54,55,52,50,49,59,55,56,53,10,10,57,49,51,59,60,59,54,50,57,56,56,58,129,60,59,58,10,58,60,53,49,49,56,52,54,51,10,59,53,58,55,50,51,59,52,52,47,10,49,58,50,58,58,47,140,58,58,10,10,59,57,55,57,52,54,55,59,52,55,10,133,107,56,10,58,165,56,59,50,51,52,60,59,50,10,48,57,59,54,51,57,48,52,10,50,59,55,47,59,51,58,53,49,10,52,52,157,58,56,10,58,48,59,10,10,59,51,59,57,57,58,58,58,50,59,59,59,58,58,10,10,10,52,10,59,52,56,54,10,51,10,58,55,52,55,58,55,55,50,58,58,10,54,54,10,51,53,58,158,60,59,52,59,58,57,55,59,55,57,51,58,51,58,51,55,57,53,60,49,56,59,51,58,10,56,54,56,58,51,54,53,10,10,59,59,57,57,59,50,59,59,50,56,53,60,60,59,10,54,10,52,135,54,52,59,54,59,60,51,10,53,48,54,58,10,60,58,10,10,55,54,56,54,55,53,56,58,59,10,58,60,59,59,59,59,58,56,53,60,57,59,58,56,57,56,55,59,57,10,57,10,56,50,55,60,58,56,59,60,60,51,54,49,59,58,10,57,56,59,57,55,55,57,58,50,57,56,10,59,56,49,10,54,58,60,58,10,57,50,48,57,57,53,57,54,58,57,58,59,53,59,59,58,10,10,54,56,49,57,55,54,55,57,57,58,55,79,10,58,58,56,10,53,53,56,60,54,49,100,57,57,53,138,52,52,54,161,56,10,127,110,10,166,10,56,58,56,50,56,10,50,59,50,56,10,55,55,53,50,10,54,58,55,53,57,57,56,51,54,56,55,58,52,58,10,57,57,51,10,133,10,57,111,58,53,10,59,52,59,52,153,59,54,10,10,10,59,70,10,58,58,55,50,60,46,10,50,10,58,58,59,58,59,59,52,10,58,10,58,56,58,55,10,59,56,55,57,59,166,93,135,59,56,56,10,59,58,55,60,57,10,10,-114,42,-3,57,55,57,56,105,56,57,125,59,59,56,10,54,55,10,56,57,60,58,59,60,10,59,56,58,10,10,58,60,56,10,57,54,60,54,10,55,60,59,10,57,108,52,56,58,54,59,56,124,57,59,59,10,58,58,-41,52,56,58,10,52,59,56,55,57,50,56,58,59,57,55,60,58,58,58,57,60,58,56,57,57,10,59,56,10,60,55,10,57,54,54,57,57,56,59,58,98,57,10,104,57,57,55,59,55,57,57,52,10,57,58,10,58,57,58,56,57,10,58,58,58,58,57,59,59,57,55,10,10,65,10,58,56,10,84,10,169,83,58,55,57,53,10,52,52,126,91,56,54,54,56,58,55,57,56,59,54,157,101,58,57,59,58,56,56,55,58,10,182,56,55,55,10,10,10,55,55,52,10,59,58,59,58,58,10,59,57,59,98,58,58,59,60,57,58,56,56,58,56,57,55,56,10,10,58,10,55,57,55,10,54,62,10,93,59,55,58,58,10,10,10,66,59,10,10,56,56,58,59,59,58,167,59,56,58,56,56,58,59,59,57,59,58,10,54,55,144,57,10,83,57,57,55,54,57,58,54,10,54,10,55,55,53,83,59,10,59,58,164,60,56,100,10,92,57,59,10,58,60,10,59,56,10,57,54,56,10,111,58,56,52,59,56,10,56,10,58,59,10,59,56,10,57,56,57,55,56,53
1,-53,-148,-89,-87,-55,-77,-110,-92,-70,-84,-71,-85,-116,-87,-84,-54,-80,-123,-118,-86,-37,-90,-93,-99,-123,-108,-62,-91,-120,-121,-121,-64,-74,-28,-116,-32,-78,-124,2,-102,5,-91,-127,-82,-118,-13,27,-9,-96,-51,-44,16,-17,-89,51,31,18,102,-22,21,28,109,79,-5,-42,-35,130,-26,-54,55,-29,21,34,-21,68,95,-2,-58,65,-33,-8,49,-24,66,108,142,-32,-46,-52,142,60,114,135,66,130,140,72,-19,-30,56,140,119,161,168,140,115,20,150,101,149,104,51,153,75,142,180,0,139,152,-3,142,97,165,58,53,114,57,69,49,3,103,82,83,53,58,50,146,136,148,55,59,88,57,54,168,55,56,58,124,57,55,105,131,56,58,58,151,139,55,173,53,162,58,56,53,55,59,56,57,107,56,128,70,56,96,105,149,136,79,38,55,55,117,56,59,52,113,56,56,56,53,58,151,99,59,54,54,129,55,56,57,57,50,52,55,54,59,57,63,153,56,55,55,57,57,54,58,56,58,55,50,57,50,56,67,53,56,55,59,56,57,59,10,58,58,51,57,58,52,56,54,58,57,44,56,54,54,57,56,50,59,59,54,54,54,55,57,54,59,53,56,55,57,54,54,57,55,57,55,56,58,51,53,54,52,55,57,53,52,55,58,56,58,53,54,56,56,55,57,53,54,50,143,58,53,56,73,57,54,57,60,57,56,104,53,50,54,53,56,57,59,55,58,57,58,54,57,56,66,51,56,52,56,55,54,136,57,55,58,50,56,55,100,55,57,51,51,50,51,59,57,57,58,54,55,143,59,57,59,50,58,54,57,58,57,52,132,67,58,54,56,57,56,57,57,57,56,55,54,54,55,54,58,57,56,54,56,58,108,53,59,55,57,54,-30,57,56,54,59,54,55,56,57,54,56,55,49,58,57,55,51,57,52,57,16,53,54,54,54,57,-17,54,56,58,55,55,54,57,56,57,152,56,54,56,53,54,55,53,58,56,58,56,55,52,56,58,50,53,56,54,53,58,56,57,56,55,53,57,53,56,56,56,104,54,58,56,55,56,52,57,52,64,52,56,56,50,58,50,55,57,56,53,53,54,54,57,56,52,53,79,56,55,57,54,55,57,59,55,124,57,115,54,53,49,53,56,57,51,55,151,56,-18,56,56,56,54,56,54,52,53,57,57,46,56,115,58,52,56,54,54,57,51,58,58,56,57,56,57,52,9,54,54,57,58,53,56,58,58,57,54,58,54,53,58,58,57,56,57,57,50,55,52,146,57,56,57,157,58,87,49,54,56,48,55,57,55,58,59,59,55,58,53,55,55,52,57,58,53,61,53,53,55,54,59,59,62,57,50,-3,55,49,49,56,50,56,57,155,58,59,52,56,54,56,54,66,149,59,51,58,58,56,51,52,55,49,104,53,50,58,54,55,122,148,60,56,130,56,55,54,55,60,54,59,70,51,55,58,55,53,53,58,55,57,49,56,53,58,50,55,53,56,92,54,-4,57,159,57,58,59,57,53,56,54,47,57,57,55,55,56,50,151,55,48,56,1,59,22,53,112,55,132,57,59,178,49,56,59,57,56,132,48,53,58,29,56,176,58,91,56,50,52,56,50,132,57,56,58,54,95,55,56,58,76,83,100,58,59,151,49,86,167,54,55,55,47,126,53,121,52,58,55,46,10,57,128,53,55,54,100,55,116,56,55,56,58,10,55,57,39,54,57,56,54,99,56,57,138,55,56,54,56,161,56,70,46,144,54,55,57,57,73,10,52,55,55,52,57,58,57,54,15,39,124,58,55,53,55,153,58,139,59,53,54,58,67,53,150,57,57,59,57,59,41,56,59,56,106,55,96,159,57,55,54,56,126,56,58,56,55,54,56,53,57,53,37,55,51,56,55,49,55,161,53,151,55,52,58,55,55,51,140,57,20,63,-27,-36,54,52,56,53,115,51,59,59,54,53,53,79,148,53,52,54,85,54,56,54,54,50,96,57,54,97,54,167,55,55,56,52,58,56,113,82,51,154,151,57,50,57,55,106,52,56,56,98,55,54,53,52,55,53,56,133,56,58,52,-29,57,170,52,55,130,60,54,56,55,132,142,59,28,57,54,56,115,57,56,117,152,126,56,119,58,51,56,51,150,58,51,57,56,57,55,150,54,58,56,51,57,49,53,55,59,55,57,3,170,56,55,50,54,56,50,57,56,178,62,52,169,166,55,54,57,57,53,44,57,55,161,76,73,174,56,53,53,56,166,55,135,57,134,57,52,58,168,56,55,55,74,57,10,56
2,-183,-75,-152,-173,-128,-121,-160,-151,-90,-144,-202,-177,-84,-164,-101,-85,-116,-182,-256,-73,-88,-128,-73,-153,-153,-188,-223,-137,-86,-108,-90,-177,-66,-83,-168,-78,-68,-76,-59,-90,-78,-70,-119,-67,-127,-159,-129,-67,-53,-149,-45,-107,-146,-39,-116,-146,-74,-72,-40,-11,-41,-41,-78,-17,-41,-28,-103,-48,18,-79,-96,-28,8,-6,-38,33,-29,46,9,-56,68,-5,30,22,29,42,34,18,82,101,62,38,50,49,89,82,42,57,82,-1,82,71,38,38,27,116,88,129,97,69,60,34,135,145,60,125,158,108,79,124,155,65,125,147,95,4,-122,129,81,57,49,68,48,87,53,93,76,52,52,54,54,135,78,56,55,79,101,51,60,61,97,167,58,58,141,58,53,47,48,121,-143,146,103,72,53,74,53,83,145,85,142,49,109,99,3,73,96,61,52,59,44,63,2,57,82,52,111,58,58,117,75,-42,130,55,49,163,45,149,85,52,52,46,140,56,57,145,52,106,55,55,50,56,48,49,53,47,61,50,76,53,57,48,50,52,154,94,57,99,54,97,51,48,54,95,56,48,58,164,147,142,54,57,48,49,57,49,50,54,53,50,55,40,58,54,94,58,45,50,63,57,51,58,54,57,54,134,59,54,108,58,54,48,57,134,84,49,-24,53,53,57,41,56,110,57,53,134,55,53,54,53,58,57,116,53,55,165,66,55,55,51,50,54,53,58,56,80,55,55,57,67,57,55,55,135,54,67,51,55,56,51,54,53,10,58,58,-3,54,119,55,54,55,55,44,57,54,57,48,44,54,55,51,55,100,54,100,71,55,54,58,56,83,60,50,62,53,-44,57,53,53,52,51,55,57,55,55,53,48,53,51,56,159,52,54,50,55,49,133,51,55,52,56,47,62,52,48,54,111,-29,56,49,54,55,-61,48,92,51,108,61,56,-15,127,52,54,37,54,61,54,145,-16,51,50,96,54,-22,58,59,54,54,53,55,123,50,59,56,53,118,53,171,52,52,52,57,93,140,53,48,85,53,54,66,95,53,56,53,52,60,53,102,52,72,57,51,58,51,-46,47,51,58,143,53,55,52,57,51,156,58,42,51,129,47,52,51,55,23,154,56,53,69,147,55,56,159,92,75,56,55,56,53,52,53,54,58,52,55,55,44,159,74,56,53,141,51,55,53,55,55,55,58,56,51,55,54,56,48,57,56,51,-76,168,56,45,52,53,55,56,162,51,53,55,51,54,53,120,51,55,54,54,50,55,53,56,54,-28,115,54,55,53,54,48,42,93,58,57,86,52,45,54,55,57,57,43,57,53,12,52,51,139,51,52,57,51,58,49,-7,64,54,52,48,48,56,56,51,54,74,56,54,57,50,52,56,2,58,54,54,55,66,123,66,56,54,58,114,59,55,96,10,57,167,21,52,-79,71,55,113,53,52,162,54,127,12,58,46,51,104,55,56,97,127,54,54,54,58,53,59,53,55,56,105,57,55,53,57,71,56,59,114,47,73,50,53,58,57,155,52,144,139,52,54,59,100,94,99,138,78,49,88,53,49,155,141,112,46,125,55,46,73,66,140,47,55,54,56,-89,56,131,52,-44,55,18,75,54,46,-10,100,103,86,50,48,46,53,73,52,86,54,-11,96,43,-8,8,117,50,49,71,52,72,55,53,56,90,101,164,83,52,42,113,116,122,161,53,125,55,140,100,56,77,54,46,103,51,36,76,56,77,58,107,141,51,137,68,52,58,53,143,123,53,52,62,90,51,48,59,97,53,49,51,150,49,50,52,85,70,47,57,151,53,58,137,51,52,58,165,48,60,58,53,55,57,45,55,54,10,114,79,54,52,59,53,75,57,49,132,51,55,90,89,60,54,56,52,57,53,51,53,43,46,54,10,56,51,102,50,54,76,42,56,48,61,57,55,52,53,164,52,50,57,56,54,55,55,52,54,49,53,54,53,179,50,135,108,55,52,158,49,58,51,52,134,53,53,68,118,60,57,56,50,28,57,66,50,55,71,51,54,53,57,135,85,56,78,50,111,51,52,56,55,49,52,53,55,10,55,113,53,57,172,55,54,91,54,47,77,52,55,52,28,53,55,56,54,47,49,51,84,55,50,80,113,10,45,134,57,119,52,57,-36,56,-46,49,78,49,50,89,57,-16,55,56,53,54,59,134,54,139,112,53,50,55,52,17,87,52,54,132,55,54,47,54,51,56,150,51,52,46,57,50,49,71,53,53,57,57,50,53,140,134,133,55,51,121,57,67,54,50,10,57,56,55,164,51,58,53,53,47,134,52,170,99,-31,76,148,52
3,-176,-173,-146,-175,-114,-101,-152,-165,-174,-129,-262,-308,-155,-199,-64,-135,-117,-86,-141,-152,-124,-171,-164,-142,-155,-119,-214,-92,-167,-117,-248,-177,-218,-258,-150,-139,-142,-134,-83,-89,-170,-84,-84,-142,-92,-128,-75,-82,-72,-133,-93,-101,-62,-60,-81,-78,-119,-55,-80,-51,-100,-97,-177,-43,-99,-81,-54,-128,-52,-53,-61,-4,-98,-17,-62,-24,-34,-20,-79,-25,-27,-29,-38,11,-32,-15,13,-24,-17,-105,53,-59,48,45,-56,54,20,1,17,-18,63,10,76,47,85,48,-58,67,89,61,-20,145,87,68,124,69,123,119,74,115,-172,42,18,87,97,25,34,122,81,41,146,116,49,114,147,125,33,119,50,81,146,114,54,-156,127,94,104,52,101,124,138,108,54,81,54,38,53,96,52,123,51,-5,56,104,146,87,133,-13,52,43,82,92,135,145,57,51,53,55,117,54,137,53,42,44,57,47,53,52,56,43,58,48,54,45,100,81,59,51,59,52,117,56,31,52,53,42,56,99,49,51,42,-34,55,58,-74,65,48,89,144,141,54,-27,52,150,-50,60,54,42,49,43,54,117,53,51,56,53,54,47,55,117,39,59,54,50,52,-44,50,56,55,55,46,53,48,59,52,95,57,54,77,51,98,49,55,50,55,76,51,54,55,18,49,56,52,143,53,84,72,71,58,43,47,51,39,55,57,56,51,56,133,51,53,51,4,48,47,55,57,59,-40,53,44,32,53,45,54,53,56,46,54,65,48,108,58,52,55,58,68,57,70,58,46,53,61,51,52,128,45,42,52,44,46,58,52,55,94,51,57,46,45,72,53,81,84,48,52,104,55,48,51,78,99,49,52,42,57,52,34,54,52,58,56,52,52,58,49,152,68,68,53,53,71,53,47,55,46,39,40,56,51,168,-69,92,52,52,54,54,52,54,59,69,60,53,52,69,56,52,53,86,58,50,54,57,105,119,46,54,57,57,86,65,42,94,61,54,118,54,55,58,50,-125,102,55,50,49,65,48,55,52,47,48,55,66,47,55,42,52,53,55,52,42,53,49,53,105,47,86,101,-34,57,53,54,58,48,58,47,71,45,54,-62,100,84,56,122,54,56,83,168,56,49,92,55,53,72,49,48,52,123,53,52,54,46,100,54,153,93,56,72,84,49,98,46,-41,48,141,49,54,156,55,40,43,47,49,61,54,51,54,49,57,42,108,52,51,62,167,51,67,52,141,52,51,51,56,76,55,47,52,47,55,52,54,49,50,55,104,53,51,55,54,57,51,50,57,52,44,53,130,51,146,53,53,54,52,51,113,102,43,54,117,108,54,55,46,52,52,97,52,55,46,-11,31,101,48,52,122,115,84,30,57,51,83,75,134,74,73,45,94,45,57,106,54,52,33,54,46,45,54,51,57,50,55,54,38,63,54,42,91,52,57,58,-13,66,50,138,87,69,114,40,95,58,111,52,145,49,56,53,50,135,40,53,53,53,55,101,53,50,58,47,53,60,80,97,51,52,51,96,53,118,54,54,49,56,56,56,58,53,64,58,119,53,160,57,111,48,170,44,65,53,47,50,52,53,54,36,54,52,122,51,57,101,48,46,47,54,52,55,57,55,53,133,148,42,44,47,52,57,58,43,0,127,48,57,79,104,45,57,52,11,114,61,153,61,99,92,53,90,84,55,49,71,50,52,52,52,49,44,61,56,53,56,65,45,106,105,56,52,50,58,54,55,120,58,71,148,56,50,127,76,152,53,59,47,57,56,107,51,53,54,116,50,135,44,92,51,52,140,46,79,69,43,83,58,48,54,54,51,53,152,45,64,79,54,56,49,46,110,57,49,53,51,59,54,89,54,52,46,116,44,52,53,56,50,48,50,57,53,131,47,47,57,132,40,46,54,55,58,58,51,50,103,51,53,51,52,54,58,51,52,53,50,55,58,54,56,55,50,50,54,81,50,45,56,57,54,53,57,51,53,121,49,105,100,74,53,56,58,53,59,58,89,44,-80,-94,78,53,48,55,67,49,110,53,53,123,53,56,46,53,42,50,112,57,42,146,137,66,142,54,55,103,51,53,48,54,43,51,72,160,74,130,125,160,47,92,133,105,46,129,144,106,47,160,52,117,105,160,164,52,51,34,100,58,53,46,53,155,56,154,72,54,52,51,57,54,41,95,38,136,52,4,55,101,51,53,52,84,94,48,49,145,50,152,52,34,50,53,53,149,158,34,53,57,58,56,53,-61,51,52,50,138,124,46,52,57,55,52,136,53,152,67,134,51,104,70,133,44,155,103,-23,79,54,41,48,95,54,101,55,54,52,92,51,45
4,-181,-139,-126,-181,-199,-256,-227,-191,-97,-255,-174,-240,-130,-213,-174,-240,-211,-118,-135,-179,-236,-133,-174,-169,-264,-168,-200,-134,-114,-159,-260,-172,-197,-239,-161,-250,-189,-154,-201,-242,-156,-114,-139,-74,-89,-92,-108,-100,-146,-127,-74,-100,-91,-105,-162,-145,-173,-40,-144,-138,-191,-98,-48,-52,-40,-186,-70,-45,-60,-129,-48,-95,-173,-39,-136,-143,-130,-52,-114,-92,-173,-160,-26,-98,-80,-145,-181,-81,-145,-17,-58,4,-127,-89,-77,-41,-42,-46,-13,-13,-38,-93,-170,3,-35,-91,20,-139,13,24,22,-20,57,-15,-11,16,-24,-195,1,36,38,-69,-27,-99,-69,-24,-37,22,-48,-84,27,-14,24,-28,-38,-36,39,-79,-2,139,40,-125,84,68,22,105,-121,124,47,78,138,-76,-212,-206,71,-156,-137,37,-86,129,-102,-111,-165,-26,22,95,1,49,-28,-90,64,-112,49,69,9,41,108,49,86,107,-22,56,-33,49,-60,49,49,49,-93,99,47,52,101,-92,-86,34,-24,93,-43,52,117,-151,44,61,34,-89,69,43,60,-109,41,-129,-27,-59,16,-47,34,108,4,20,-10,106,-57,76,71,45,-28,-36,-105,-60,-27,-37,37,-57,43,118,-119,-115,-83,64,-54,112,45,129,45,111,-25,49,43,114,100,-13,105,117,78,66,47,35,143,96,49,49,-15,-3,52,45,82,60,54,100,92,100,97,92,-118,46,133,49,70,50,50,117,44,45,45,51,114,50,90,106,53,49,50,39,48,24,53,48,61,52,62,51,103,53,22,40,19,57,49,127,97,50,123,63,51,77,105,53,32,72,55,56,135,95,55,50,-136,54,-60,78,43,-49,-49,53,54,-17,54,118,83,51,40,40,54,108,23,55,50,108,49,49,83,53,45,53,49,133,46,54,49,53,51,46,50,95,42,49,53,51,50,-117,51,113,95,122,42,53,50,55,62,103,48,49,-109,48,103,111,165,109,108,57,79,49,168,77,57,55,56,46,54,108,67,53,76,50,67,54,84,44,123,146,49,60,150,50,63,75,50,130,82,44,70,19,100,161,44,125,74,79,106,34,46,150,44,58,160,52,50,52,43,43,83,47,54,57,40,129,51,17,53,46,47,153,74,47,104,51,74,49,99,47,53,51,51,53,56,56,45,48,43,120,41,99,54,53,47,55,51,31,79,2,52,96,124,51,154,35,54,47,56,51,72,50,40,49,53,55,48,54,114,51,48,79,55,92,28,51,50,47,100,57,47,46,84,55,53,61,46,50,48,53,41,154,90,54,-40,-106,57,51,30,100,51,51,104,76,82,51,74,41,55,22,53,46,68,51,51,53,128,88,54,-54,52,60,-12,54,46,58,54,130,51,78,60,50,42,72,49,47,-158,-106,32,-172,57,57,50,47,40,82,87,57,51,111,48,141,45,46,-29,51,52,-33,69,50,138,55,50,142,98,101,51,51,49,-130,-18,57,-2,143,67,55,30,76,42,41,17,47,55,52,50,82,49,84,90,53,71,98,43,56,59,57,48,44,56,51,-210,51,52,41,106,40,91,51,48,75,45,-119,32,50,47,79,-26,57,48,46,51,51,65,93,100,-21,143,107,45,45,40,117,43,48,31,47,49,55,49,51,48,57,105,56,62,57,48,128,50,53,53,55,-30,21,53,59,57,52,120,114,45,113,48,50,-8,111,111,43,88,48,119,106,97,75,64,51,61,141,22,109,32,45,-107,122,56,83,-45,46,35,102,-94,69,137,35,104,100,-5,60,48,66,49,105,50,94,50,56,94,43,143,110,126,144,118,117,74,113,56,82,107,51,53,50,49,52,58,49,51,63,50,41,52,53,51,49,0,90,114,104,47,-3,47,48,105,56,50,55,53,37,51,48,54,47,89,46,53,55,67,89,53,56,50,54,-19,57,89,31,52,46,50,50,-27,54,42,52,143,133,49,98,50,109,41,81,-3,47,57,94,38,51,47,45,51,18,51,56,50,49,56,50,57,160,117,52,47,87,47,78,-6,48,45,79,45,51,40,57,35,50,53,50,49,87,47,54,78,124,89,46,53,52,67,55,-36,55,56,51,96,55,46,43,81,46,64,132,57,122,47,-5,35,106,49,49,164,141,54,51,42,14,91,54,42,162,111,0,49,47,55,17,114,89,38,72,127,126,166,94,110,111,56,51,-57,38,64,53,45,99,49,54,112,115,123,50,42,55,55,130,131,52,83,127,51,57,53,54,48,54,77,55,48,-30,73,47,52,53,63,110,101,44,102,38,42,116,124,91,52,134,48,10,51,100,43,55,44,48,57,57,48,58,89,75,53,50,45,51,57,57,98,116,50,52,51,46,41,53,97,151,109,48,53,49,52,67,52,52,77,48,56,94,39,57,57,38
5,-150,-216,-198,-315,-233,-273,-173,-203,-182,-173,-206,-231,-213,-211,-201,-221,-335,-272,-230,-164,-149,-336,-207,-176,-121,-306,-205,-167,-165,-286,-157,-160,-255,-129,-154,-194,-143,-227,-178,-198,-257,-187,-61,-117,-123,-131,-184,-202,-87,-240,-80,-60,-138,-107,-100,-75,-88,-47,-156,-72,-133,-114,-102,-111,-87,-47,-64,-114,-192,-37,-102,-127,-164,-113,-84,-63,-49,-124,-99,-67,-60,-203,-107,-107,-131,-48,-106,-132,-72,-48,-66,-74,-51,-24,-135,-66,-80,-41,-66,-35,-33,-81,-109,-68,-21,-12,-88,0,-99,-107,-60,-54,-37,-89,-52,-53,-67,-59,-21,-156,-34,-161,-27,-6,-111,11,-43,-64,-33,3,-27,-20,-123,-7,8,-31,-53,0,-74,17,-120,-50,24,-146,-85,-145,-106,-132,-112,-81,-48,-137,-87,-73,-48,-113,-76,35,-10,-117,-32,-62,-41,-29,-174,-94,-11,-14,-102,-59,-27,20,-8,13,-22,44,84,-51,-35,-113,-121,30,8,83,4,-34,18,-115,-19,37,-65,-126,54,-83,47,34,-14,43,51,-75,38,20,96,72,-81,41,53,-9,-28,-55,52,-53,-24,-1,57,50,-11,-138,93,-15,18,64,-13,127,58,104,15,94,48,67,128,-23,36,36,-123,149,76,75,144,49,46,-81,98,51,50,2,-30,72,64,127,-62,-31,128,-42,-113,16,64,-150,-31,-5,69,134,76,81,-86,46,92,-10,55,53,56,27,36,130,91,-34,58,71,103,93,55,55,95,80,115,64,53,42,47,7,55,45,51,61,29,56,50,57,50,54,134,36,88,127,95,50,4,112,50,56,50,56,48,129,153,54,80,-188,127,52,55,63,97,51,52,107,115,77,55,83,72,46,-51,97,63,107,-3,67,47,50,98,-83,49,61,48,85,118,64,101,-79,51,-19,56,94,47,67,44,-72,111,124,43,39,96,82,41,51,53,44,101,38,48,171,114,52,53,-35,65,46,19,98,77,3,37,71,52,51,77,-15,56,72,122,43,81,4,49,47,47,45,47,50,48,57,85,84,112,44,55,48,144,107,49,46,127,51,50,39,107,47,52,49,75,51,44,42,101,103,126,55,49,50,108,30,52,55,60,50,27,45,47,60,51,51,148,53,57,57,46,56,40,52,109,95,51,15,96,51,57,50,56,120,56,52,54,148,42,92,51,49,50,48,104,55,41,-39,52,55,50,75,41,40,55,53,50,46,98,57,56,58,55,53,49,77,120,49,50,71,144,-71,51,50,50,146,51,86,51,129,45,48,81,85,49,24,-7,45,53,71,26,43,81,-35,55,47,54,94,7,-3,135,129,156,149,143,129,157,41,136,-85,91,139,59,62,104,112,56,54,45,80,10,50,52,24,52,53,54,48,116,49,49,48,49,-30,42,141,100,50,53,57,132,108,126,108,152,92,69,45,88,51,40,39,50,72,40,42,50,54,87,81,56,51,43,120,48,39,55,78,55,47,56,46,47,53,89,51,119,51,46,82,52,107,49,50,51,76,49,41,108,150,110,115,122,61,85,95,52,55,102,45,54,55,53,41,-69,103,50,88,69,46,-8,130,50,72,50,56,106,168,52,40,66,42,49,45,114,83,50,57,45,38,85,100,46,42,71,58,49,51,49,94,50,-49,104,54,54,115,48,53,73,19,106,51,48,41,48,49,55,51,56,12,87,50,24,172,123,68,48,69,52,-25,73,48,58,61,124,136,47,77,126,46,111,45,51,53,47,51,50,41,45,45,39,51,47,46,42,47,48,53,64,45,50,141,37,64,46,53,81,54,47,56,60,55,52,40,53,43,43,11,125,54,41,57,103,48,51,128,104,42,51,54,55,131,-44,47,55,50,56,145,138,71,111,102,83,56,108,53,55,98,107,117,119,64,-9,52,49,123,92,6,53,44,37,35,40,138,47,120,50,51,182,50,77,54,55,49,55,142,61,50,50,43,50,109,77,50,47,41,49,71,70,71,47,45,119,127,47,40,94,139,143,-42,122,53,49,117,42,50,56,44,41,50,49,62,93,46,139,51,53,52,111,44,49,41,50,51,56,55,49,57,56,48,98,127,68,63,112,57,44,50,102,88,94,50,48,105,52,45,100,52,48,50,50,97,41,49,59,50,56,43,46,88,42,55,109,48,52,86,53,49,51,105,50,141,52,131,98,51,47,43,51,42,-91,48,57,62,45,53,50,53,49,51,53,44,24,-110,-37,48,51,65,51,98,30,48,111,51,49,51,119,160,51,51,55,56,53,42,105,46,98,48,48,45,47,47,117,64,135,52,56,-120,111,79,54,51,55,103,124,49,28,118,71,45,56,53,94,111,49,143,52,55,42,49,51,110,56,63,51,57,45,52,51,55,57,53,78,53,87,46,44,72,133,45,98,50,46,45
6,-153,-149,-209,-204,-208,-326,-107,-236,-162,-357,-222,-212,-197,-121,-390,-186,-203,-281,-254,-323,-233,-290,-290,-206,-219,-147,-197,-146,-135,-261,-243,-243,-215,-221,-150,-238,-108,-214,-180,-138,-156,-233,-144,-167,-160,-220,-65,-164,-131,-87,-128,-206,-89,-181,-232,-223,-164,-203,-160,-89,-238,-200,-110,-230,-197,-147,-283,-203,-260,-126,-196,-269,-244,-81,-120,-177,-90,-96,-211,-166,-91,-74,-211,-190,-175,-53,-222,-80,-139,-221,-65,-82,-183,-131,-100,-105,-184,-77,-241,-139,-55,-142,-74,-219,-50,-37,-180,-222,-79,-233,-63,-141,-66,-176,-149,-123,-76,-123,-100,-201,-100,-84,-122,-89,-222,-69,-179,-177,-48,-122,-135,-133,-154,-60,-44,-156,-44,-162,-108,-30,-124,-58,-82,-133,-145,-56,-130,-40,-155,-73,-124,-53,-163,-146,-91,-62,-54,-73,-51,-42,-89,-1,-38,-105,-41,-73,-76,-95,-73,-47,-23,-100,-70,-88,-96,-192,-101,-75,-121,-45,0,-140,-12,-114,-12,-31,-150,-119,-45,-87,9,-92,-145,-20,-8,-65,-85,-162,0,-19,-5,31,-14,-17,-19,-24,3,-21,-99,-10,-68,-35,0,-29,-6,3,-87,-58,-41,-45,-43,-14,-70,-199,-37,10,-72,-19,4,-58,-27,-40,-37,3,-27,-40,-125,-137,-126,-81,-74,-12,-50,-27,-124,-52,-90,-44,-199,-140,-64,-94,-58,-16,-30,-88,-67,-180,-8,-125,4,-24,-90,-73,-38,-31,-45,-17,-33,-30,-27,0,-126,-20,-39,-62,-68,-49,-15,-49,-31,-26,-68,0,-45,-150,-52,-62,-68,-76,17,-9,-13,-13,-128,-9,-2,-17,-77,-23,12,114,-9,-9,-13,-28,-31,50,-63,5,40,-7,-9,29,-6,-19,-56,-16,69,-8,49,7,4,31,34,58,-67,20,20,-18,-3,46,30,-74,40,5,21,17,32,21,42,54,-18,-14,39,38,39,72,-121,76,73,8,41,-81,19,34,-59,0,-12,-4,-90,105,-21,5,-39,-111,58,92,-5,-4,67,-15,4,13,0,-105,26,-18,33,60,100,15,6,-239,-35,73,5,82,-13,26,63,70,48,-139,12,22,47,57,108,-104,33,73,66,41,7,-63,62,18,77,85,50,-19,15,15,-20,59,10,-21,-22,-26,51,3,38,-44,46,-42,77,10,28,58,-26,62,96,96,56,116,126,-14,73,2,25,76,67,35,37,71,108,98,105,72,76,136,65,39,102,110,105,104,95,49,66,92,42,-67,65,94,134,-40,116,21,-7,72,69,87,124,-36,-64,61,-69,104,32,97,8,94,78,97,103,25,105,52,137,22,84,31,-19,98,131,97,24,63,45,75,146,45,70,39,95,72,30,50,17,92,120,43,72,73,89,-61,45,50,122,107,53,57,135,127,55,18,106,62,55,152,59,52,56,68,40,69,88,49,54,46,90,68,137,98,123,114,71,49,58,135,104,153,96,51,41,46,49,75,53,103,159,94,30,48,122,11,37,53,55,65,53,72,85,38,92,44,113,98,121,41,53,68,95,159,40,83,36,41,131,95,120,-27,40,22,86,74,63,46,46,59,47,40,40,99,145,114,107,78,124,47,40,55,39,88,101,40,41,127,55,47,54,40,54,48,134,131,98,101,110,53,53,58,40,43,100,138,44,86,38,40,141,123,36,53,42,54,46,68,77,39,54,53,37,51,47,54,130,87,72,50,63,108,137,40,40,63,125,98,53,38,104,76,122,73,39,85,48,100,95,96,95,43,107,54,36,112,25,48,48,140,87,98,84,111,48,130,109,48,91,40,49,74,-101,48,87,118,54,41,47,52,36,108,-4,116,138,53,48,39,50,18,136,66,104,118,54,68,89,85,54,109,52,66,54,40,118,85,88,51,51,50,51,46,47,57,59,114,142,55,39,53,122,82,69,87,43,70,54,55,36,53,22,50,46,42,113,55,45,39,51,39,59,43,41,52,38,140,60,52,66,118,38,39,52,134,43,61,52,73,49,52,71,49,52,40,53,46,-36,44,40,44,85,52,56,67,58,48,52,56,65,134,45,-87,139,55,165,91,76,131,107,143,133,50,94,132,137,64,43,141,47,40,48,49,143,75,96,126,49,43,41,41,47,39,48,119,78,122,46,145,63,55,47,56,54,127,148,48,47,53,59,69,69,61,45,106,62,109,48,54,54,95,49,103,48,125,107,102,52,91,74,47,38,48,42,45,24,55,48,47,74,72,54,39,48,47,63,85,48,50,46,52,54,75,124,38,40,52,40,55,143,76,54,46,46,109,46,50,39,71,48,104,50,53,106,48,49,44,130,54,55,52,73,116,48,140,126,51,60,107,51,86,60,81,70,49,98,113,100,54,55,83,48,53,139,49,57,111,110,45,49,47,54,36,82,42,48,53,51,51,49,45,73,61,137,50,120,105,-73,51,53,108,115,47,46,50,54,51,68,47,53,52,92,48,50,137,44,79,50,39
7,-359,-332,-217,-259,-234,-340,-238,-297,-286,-177,-181,-342,-251,-360,-189,-347,-434,-436,-265,-447,-272,-341,-396,-191,-118,-240,-342,-158,-248,-284,-227,-220,-244,-186,-268,-225,-236,-156,-223,-255,-215,-181,-200,-199,-212,-195,-159,-178,-174,-151,-172,-219,-218,-250,-136,-217,-130,-213,-215,-219,-154,-264,-159,-299,-208,-221,-192,-176,-181,-114,-113,-148,-198,-122,-220,-130,-72,-109,-214,-87,-240,-186,-144,-149,-199,-65,-271,-165,-145,-209,-51,-183,-233,-240,-125,-232,-131,-214,-158,-221,-222,-164,-188,-64,-82,-149,-146,-170,-59,-51,-222,-155,-192,-194,-81,-125,-67,-79,-98,-99,-91,-189,-248,-69,-142,-62,-137,-143,-91,-71,-226,-138,-156,-71,-202,-56,-84,-61,-52,-148,-147,-158,-117,-109,-79,-59,-152,-115,-143,-89,-86,-104,-86,-68,-54,-94,-48,-58,-133,-79,-123,-83,-69,-18,-39,-151,-100,-89,-134,-153,-179,-83,-125,-44,-138,-71,-117,-204,-63,-105,-74,-74,-57,-61,-81,-74,-71,-71,-56,-90,-121,-102,-44,-75,-65,-68,-51,-77,-86,-49,-101,-40,-21,-57,-220,-66,-201,-48,-15,-104,-120,-55,-30,-44,-37,-8,-58,-30,-129,-54,-52,-85,-93,-188,-20,-62,-67,-56,-195,-112,-42,-62,20,-67,12,-105,-114,-22,-90,-94,-54,-37,-69,-59,-27,-28,-129,-79,-74,-132,-113,-105,-63,-85,-49,-11,-36,-40,-51,-28,-53,-60,-5,-76,15,-63,34,-18,-24,-33,-2,-14,-38,-79,-125,-45,-122,5,-154,7,-45,-47,-47,-73,-41,-32,-22,-41,-73,-96,30,-32,-14,19,-26,-20,-28,-18,-27,-19,-23,-17,-12,78,48,-9,-73,-70,-45,-16,-25,-57,-32,-31,29,6,-40,43,58,-3,-66,-13,-56,-6,-24,-28,1,8,-112,-7,-96,32,54,-8,-31,-46,-20,-18,1,57,14,29,53,-120,7,18,-70,45,-54,1,25,-32,-58,-63,22,53,-34,-55,-52,26,-9,25,59,-119,22,-119,76,119,24,20,-101,21,50,-4,0,2,13,-14,45,-69,-11,2,38,-92,-24,-50,97,49,-118,33,71,-27,-145,-30,-100,-86,-6,-23,-64,-59,-41,21,-1,91,-6,70,59,-69,1,102,-6,30,-55,-60,57,-32,0,5,26,79,15,38,77,70,5,64,36,-39,0,-29,84,62,-111,66,-41,-75,-117,17,55,43,-82,91,151,-154,-135,-59,-8,-45,60,-13,0,44,4,-12,1,-7,59,25,-98,13,-26,65,41,-35,13,42,-14,95,4,-92,-38,33,27,27,37,44,-2,64,83,-13,-2,53,20,41,-60,-33,75,133,48,81,-104,-24,109,-15,145,34,82,9,-127,20,6,27,45,82,29,29,-103,67,63,-48,4,36,36,-148,12,52,46,17,42,-107,-44,60,-2,51,93,-8,28,72,-152,80,29,77,91,-33,71,-50,44,114,60,121,55,62,69,63,26,-3,21,82,69,68,25,103,99,90,70,-62,70,-141,131,103,141,107,12,141,130,136,120,130,-26,116,97,-145,118,-20,148,13,76,91,-25,88,54,-14,114,103,13,12,43,108,42,-10,39,52,51,76,48,74,21,51,-4,17,-32,91,63,0,97,57,22,74,-62,47,139,91,101,81,70,38,112,48,81,102,67,125,53,43,29,59,87,134,96,121,68,42,115,48,32,94,38,86,63,83,69,113,-49,81,93,70,23,83,88,75,97,127,30,113,105,-8,58,115,105,18,67,100,66,140,38,83,50,7,67,116,48,37,39,79,-85,77,100,11,101,42,94,107,23,15,0,61,-33,123,41,110,73,119,53,87,33,146,122,70,100,93,-33,75,111,84,99,59,113,50,33,83,109,-7,52,36,72,104,132,11,82,39,45,37,83,-14,62,85,44,125,47,51,53,16,39,94,140,1,-96,42,54,101,52,98,46,103,126,44,131,105,106,51,150,63,83,109,46,89,135,49,100,120,110,137,103,95,59,47,99,103,40,95,53,49,150,50,-4,50,46,115,86,34,74,89,47,148,41,49,143,49,37,117,45,53,120,48,79,60,59,47,45,50,48,42,49,48,53,79,101,100,143,125,53,130,136,70,39,107,42,47,129,100,145,-20,48,42,15,82,64,94,69,65,114,93,108,47,51,47,84,47,128,51,114,-5,124,81,139,48,43,44,52,112,116,49,118,46,103,109,51,90,118,95,67,131,47,111,26,46,51,37,51,48,71,22,123,83,114,63,54,72,79,49,94,128,113,47,92,43,133,45,72,78,53,107,142,143,47,55,47,58,103,42,41,99,137,51,90,138,43,53,130,36,76,97,43,52,53,47,77,50,94,47,89,51,52,29,48,54,98,43,54,115,121,53,123,58,69,52,38,69,144,44,47,49,44,145,50,37,125,92,130,55,44,110,106,40,48,45,91,80,46,66,145,45,47,53,40,75,65,47,49,50,51,42,49,79,112,142,49,55,41,40,147,50,112,45,81,108,123,45,25,112,134,52,96,51,86,66,49,40,40,53
8,-239,-312,-218,-220,-228,-176,-293,-242,-247,-298,-265,-291,-263,-219,-290,-187,-265,-268,-355,-314,-453,-321,-289,-424,-217,-269,-152,-120,-159,-197,-238,-155,-186,-281,-148,-275,-223,-155,-268,-245,-290,-249,-208,-139,-197,-230,-232,-186,-255,-151,-229,-225,-238,-229,-111,-235,-250,-153,-202,-103,-235,-70,-136,-193,-191,-146,-188,-206,-200,-212,-151,-261,-202,-86,-151,-116,-209,-211,-180,-134,-161,-217,-209,-128,-209,-130,-138,-159,-241,-186,-211,-195,-153,-176,-77,-187,-184,-149,-169,-269,-89,-174,-201,-147,-106,-107,-104,-101,-189,-157,-98,-226,-151,-210,-144,-236,-75,-77,-34,-167,-149,-177,-44,-115,-237,-179,-87,-125,-62,-207,-222,-88,-180,-50,-245,-114,-310,-40,-140,-180,-147,-112,-58,-121,-210,-66,-125,-67,-169,-130,-104,-189,-255,-82,-101,-152,-74,-32,-103,-153,-68,-69,-134,-132,-72,-54,-99,-113,-90,-133,-78,-91,-73,-71,-83,-131,-113,-123,-70,-85,-62,-37,-117,-90,-112,-102,-187,-110,-55,-117,-109,-94,-188,-120,-96,-120,-159,-126,-52,-126,-38,-74,-104,-64,-70,-121,-72,-109,-57,-65,-69,-56,-108,-87,-80,-81,-126,-125,-35,-55,-156,-67,-165,-57,-10,-76,-81,-9,-129,-130,-82,-71,-60,-56,-53,-76,-53,-15,-38,-60,-42,-37,-44,-42,-78,-80,-44,-45,-49,-88,-84,-67,-134,-99,-80,-74,-65,-86,-59,-45,-35,-114,-43,-22,-74,-89,-157,-112,-170,-149,-221,-113,-95,-95,-176,-104,-81,-30,-138,-102,-82,-45,-81,-28,-55,-87,-40,-65,-39,-123,-67,-88,-102,-64,-73,-114,-47,-162,-33,-33,-77,-66,-59,5,-31,-21,-59,-25,-46,-32,-6,-94,-92,-11,9,-38,-31,-62,-27,-49,-76,-88,-59,-60,-40,-49,-15,-84,-88,-55,-95,-15,-68,-29,-29,-101,-58,-64,-60,-75,-96,-54,-28,-32,-31,-17,-48,-35,-45,-25,-55,-22,-52,-46,13,5,-12,-15,9,9,-82,-16,-16,11,-41,-120,0,-40,-100,-7,-47,-90,-91,6,-5,-2,-13,-123,-43,-5,-112,19,0,-15,-98,-53,-60,-53,29,49,-56,59,-57,-61,-12,-21,-29,28,0,-82,-17,-1,-29,18,-75,-97,-79,-26,6,0,-7,10,7,6,-35,-12,-2,61,-101,1,-4,0,-49,-39,-107,-82,-16,-22,2,-6,8,7,-44,58,-14,-20,-37,-11,-19,-78,6,-67,0,18,8,0,38,33,16,-91,22,29,-23,24,-16,48,17,-15,18,-31,-3,-3,-105,62,11,43,18,95,34,50,-10,6,-23,29,17,57,31,57,74,55,17,-65,62,32,-28,83,-13,55,9,-57,-25,53,54,60,75,-16,-84,-115,56,28,62,-24,20,-3,36,68,17,3,-37,37,-99,23,15,0,42,9,-25,94,36,77,26,-21,31,51,50,32,35,-7,69,25,16,-65,63,18,63,110,100,-5,76,-33,38,-5,52,60,-31,54,86,62,125,40,11,18,50,72,76,75,40,-28,48,50,39,82,20,68,64,87,3,46,32,62,68,13,107,3,60,52,43,24,8,23,53,6,41,35,23,47,37,51,84,67,96,63,57,43,-72,91,1,38,104,112,13,-7,47,84,76,85,93,43,103,58,97,44,94,86,70,83,60,64,52,38,89,115,0,6,12,25,32,77,-26,53,42,25,72,76,57,41,82,96,106,118,88,103,90,63,59,101,58,67,74,-13,85,82,62,119,97,-26,66,89,62,73,93,100,136,107,90,121,54,112,86,96,103,18,99,138,132,-18,84,80,64,46,76,80,91,142,138,39,64,78,74,52,76,65,98,112,34,9,36,91,44,101,51,77,77,116,126,106,108,15,94,96,43,67,72,69,92,136,116,108,103,99,102,58,89,67,162,90,65,51,115,97,83,115,86,130,62,53,90,-24,123,104,66,103,129,144,64,126,95,135,52,89,99,68,100,93,35,79,94,145,91,-82,53,86,84,131,51,-20,102,98,114,96,89,92,112,38,99,-2,105,88,89,105,74,79,62,94,37,118,45,81,73,102,117,92,43,115,15,157,109,45,78,110,104,75,119,139,98,120,106,68,79,52,96,47,125,70,103,112,118,124,132,32,84,102,129,101,103,49,113,128,103,138,102,65,52,37,120,53,10,59,42,112,126,107,113,42,88,89,73,84,63,123,26,93,122,132,52,47,126,135,80,109,133,60,134,88,74,136,118,51,-68,123,80,71,112,132,123,97,96,97,20,94,45,88,46,60,72,92,98,37,98,94,66,110,68,86,108,47,50,85,92,67,88,75,36,87,115,125,94,38,84,45,104,124,44,52,47,109,41,126,52,8,90,74,44,42,77,99,91,105,78,86,119,96,91,147,-30,50,60,117,109,91,91,85,43,56,82,112,144,96,127,43,85,63,95,122,45,73,149,123,61,127,69,114,88,50,50,114,111,38,36,76,111,99,49,102,106,119,105,122,46,102,71,144,72,71,88,88,52,125,99,100,117,41,104,112,134,49,96,115,71,142
9,-460,-440,-223,-217,-335,-221,-417,-397,-201,-355,-314,-349,-280,-405,-349,-233,-162,-262,-416,-510,-346,-335,-383,-413,-310,-275,-310,-267,-224,-239,-145,-303,-200,-259,-190,-254,-246,-179,-162,-237,-184,-135,-236,-277,-105,-213,-194,-181,-246,-239,-221,-157,-203,-252,-212,-227,-263,-94,-208,-141,-185,-181,-296,-112,-150,-244,-103,-188,-162,-133,-192,-114,-227,-104,-179,-203,-209,-227,-179,-187,-184,-165,-213,-271,-165,-165,-127,-146,-162,-121,-283,-119,-303,-157,-276,-165,-294,-195,-132,-242,-167,-220,-137,-182,-184,-170,-187,-179,-196,-88,-150,-128,-212,-255,-176,-109,-179,-231,-108,-223,-188,-130,-142,-213,-177,-221,-107,-97,-161,-214,-119,-108,-104,-104,-215,-129,-226,-76,-217,-89,-160,-99,-78,-101,-91,-120,-79,-82,-142,-133,-122,-113,-130,-111,-99,-113,-165,-99,-98,-199,-116,-226,-195,-106,-147,-92,-228,-160,-113,-182,-189,-86,-134,-141,-86,-164,-78,-150,-111,-68,-90,-187,-83,-142,-94,-111,-97,-105,-108,-107,-150,-137,-118,-96,-152,-151,-167,-187,-158,-129,-82,-219,-110,-70,-155,-99,-125,-53,-85,-131,-59,-81,-83,-101,-115,-56,-111,-143,-103,-98,-72,-113,-81,-158,-99,-156,-184,-152,-152,-119,-66,-204,-102,-206,-96,-98,-91,-65,-84,-112,-151,-54,-137,-70,-95,-56,-68,-58,-98,-94,-98,-171,-58,-84,-70,-194,-94,-185,-74,-134,-76,-104,-108,-145,-66,-38,-51,-211,-41,-171,-70,-126,-114,-69,-133,-104,-44,-121,-176,-59,-96,-93,-62,-75,-164,-40,-50,-87,-90,-31,-114,-57,-136,-103,-67,-99,-99,-94,-83,-108,-74,-84,-136,-69,-72,-97,-59,-113,-147,-119,-61,-78,-53,-72,-24,-39,-44,-160,-92,-78,-71,-139,-72,-154,-60,-61,-68,-43,-72,-130,-39,-43,-33,-107,-52,-60,-111,-70,-37,-57,-70,-33,-133,-84,-104,-26,-134,-63,-107,-109,-59,-64,-116,-68,-92,-157,-54,-44,-94,-19,-27,-59,-59,-31,-50,-107,-43,-91,-63,-116,-18,-104,-57,-88,-17,-76,-112,-31,-59,-102,-44,-87,-8,-48,-42,-66,-71,9,-126,-108,12,-52,-50,1,-88,2,-95,-33,-24,-18,-66,-48,-38,-9,-16,-26,9,-83,-26,-16,-20,-58,-42,-37,-30,20,-27,-64,-95,-36,-36,-10,-83,5,-80,-15,-84,-35,-2,-148,-38,20,-124,-15,-66,-49,-98,-32,-45,-17,12,-67,-49,-7,0,-84,-102,-29,-5,-4,-47,-54,-1,-20,1,-29,-49,34,1,-32,-61,-48,5,-58,23,-113,-9,-11,-59,-63,-38,-67,25,-21,-67,-68,-45,-6,3,0,-34,-19,-67,-108,-109,-29,-125,-18,14,-16,-77,11,25,-22,-64,27,27,-109,-43,-21,-48,-7,-88,31,-36,-37,40,-55,-53,-16,20,-18,-48,-54,-78,30,-47,1,-45,-92,-27,-41,46,-104,-17,-84,-71,14,-65,-52,0,-55,-45,-35,-99,-72,3,-86,9,-24,-66,-69,17,28,15,14,27,-58,-7,23,-66,-35,-40,-28,5,-55,-19,6,-10,-159,-2,-55,-4,-63,37,20,36,-78,40,32,-81,-6,-61,9,7,-20,-48,30,18,-42,-51,1,29,60,51,20,54,0,49,-96,-14,-36,2,52,-35,16,-21,83,-16,-56,61,42,47,-24,-25,42,0,-69,-40,-28,30,-17,94,21,3,4,-2,-95,-86,83,-36,93,64,13,-41,53,76,-41,-30,-43,55,115,-38,85,-16,1,-11,84,1,28,25,84,-63,62,30,53,55,19,92,79,-12,3,-36,10,-17,16,-10,49,-59,27,60,53,80,48,-12,75,50,26,-4,69,15,-24,23,-50,23,18,4,4,37,14,29,105,37,94,-22,-7,50,48,32,46,83,51,105,59,39,66,46,-33,-56,64,79,75,-42,10,81,55,9,26,41,0,27,92,62,3,83,-47,5,9,46,57,48,31,45,48,9,-36,61,64,41,77,-16,21,16,29,0,33,-59,-26,-74,-19,62,42,65,90,90,36,33,71,121,86,-43,6,77,85,39,67,-20,-10,102,69,85,53,22,59,45,61,61,41,68,82,79,118,80,66,111,51,46,64,67,38,65,59,60,-83,60,-8,68,82,69,32,6,100,34,27,89,64,65,66,106,58,-10,27,102,81,67,62,94,95,96,32,116,93,94,3,54,19,7,-105,69,23,58,27,83,90,56,109,-3,-84,17,15,30,80,83,65,-33,0,41,32,75,38,74,16,3,105,65,64,98,34,-44,-29,65,-36,89,104,7,54,43,116,5,77,41,-55,52,-27,25,20,23,53,22,68,101,76,29,86,64,109,103,76,79,52,80,50,46,106,-12,83,120,36,88,73,-28,72,-31,79,104,64,122,77,78,61,-15,85,56,26,85,104,50,94,109,69,66,112,75,107,29,50,90,40,61,106,116,86,52,60,-32,30,39,38,115,94,49,105,67,49,68,97,52,40,-2,76,81,62,37,48,23,88,54,-39,-1,52,39,98,11,38,64,47,42,31,44,35,56,40,87,94,92,82,55,116,42,72,95,74,109,64,81,115,63,146,87,98,95,79,48,105,100,56,108,83,55,82,101,35,44,139,60,69,106,110,22,88
10,-208,-380,-312,-270,-341,-533,-246,-545,-313,-374,-290,-234,-361,-173,-347,-260,-329,-297,-291,-381,-308,-372,-264,-300,-191,-480,-269,-277,-274,-204,-197,-219,-257,-235,-268,-272,-225,-255,-186,-317,-256,-214,-182,-211,-130,-313,-257,-311,-234,-226,-215,-282,-233,-272,-198,-157,-247,-148,-138,-174,-118,-196,-171,-276,-267,-194,-261,-155,-274,-133,-215,-101,-202,-239,-258,-141,-225,-189,-159,-173,-114,-127,-245,-232,-259,-187,-239,-254,-277,-151,-107,-171,-252,-204,-221,-212,-141,-209,-233,-105,-174,-218,-183,-91,-194,-114,-204,-179,-121,-157,-211,-172,-204,-132,-163,-214,-181,-200,-158,-294,-233,-174,-222,-131,-166,-147,-130,-173,-206,-75,-209,-260,-197,-98,-194,-166,-112,-96,-164,-135,-112,-253,-143,-113,-118,-173,-107,-168,-197,-134,-108,-93,-164,-125,-134,-137,-104,-101,-131,-100,-186,-197,-181,-117,-214,-124,-190,-173,-122,-244,-113,-151,-149,-114,-134,-104,-202,-92,-101,-171,-93,-112,-136,-113,-80,-82,-151,-178,-104,-152,-112,-144,-162,-139,-137,-149,-96,-171,-129,-186,-111,-78,-82,-131,-117,-163,-103,-119,-192,-184,-80,-63,-106,-86,-111,-168,-103,-130,-83,-85,-179,-169,-167,-164,-112,-185,-151,-73,-99,-96,-208,-101,-89,-122,-148,-94,-136,-92,-122,-97,-161,-75,-101,-122,-168,-89,-114,-67,-74,-135,-100,-121,-112,-46,-121,-131,-96,-91,-87,-100,-134,-196,-164,-106,-41,-141,-140,-123,-120,-78,-124,-129,-138,-170,-145,-203,-122,-182,-158,-114,-93,-98,-85,-94,-158,-117,-111,-111,-116,-99,-83,-106,-64,-138,-80,-80,-93,-120,-64,-75,-37,-98,-103,-156,-158,-91,-184,-92,-144,-61,-56,-91,-89,-94,-48,-163,-76,-99,-90,-57,-115,-80,-105,-100,-116,-59,-89,-96,-33,-66,-117,-116,-84,-46,-76,-94,-98,-65,-40,-36,-58,-74,-33,-46,-92,-62,-78,-72,-58,-69,-29,-53,-58,-113,-72,-103,-101,-102,-139,-117,-117,-67,-71,-43,-74,-140,-68,-127,-62,-115,-117,-109,-110,-84,-82,-37,-82,-50,-1,-68,-56,-89,6,-83,-154,-112,-83,-81,-62,-64,-74,-70,-55,-41,-38,-152,-119,-153,-55,-56,-106,-40,-22,-91,-25,-79,-88,-137,-109,-120,-70,-157,-66,-83,-55,-90,-74,-98,-59,-93,-48,-120,-68,-30,-15,-165,-134,-61,-68,-78,-96,-83,-112,-65,-123,-112,-59,-71,-56,-34,-86,-53,-80,-77,-102,-72,-44,-43,-95,-105,-186,-29,-116,-49,-18,-121,-36,-126,-63,-107,-119,-82,-159,-40,-50,-57,-64,-47,-129,-49,-41,-110,-44,-66,-33,-128,-21,-115,-74,-99,-50,-80,-139,0,-81,-86,-55,-78,-60,-118,-118,-101,-38,-97,-67,-29,-17,-145,-7,-99,-72,-43,-85,-50,-62,-11,23,-32,6,-99,-45,-39,-65,-122,-34,1,-11,15,-33,-50,-43,-20,-18,-47,-66,-19,-15,-79,-40,-57,-37,-48,-36,-35,-46,-74,8,-19,-30,-42,-19,-45,-39,-14,-101,-74,-79,-46,-41,-130,-4,28,-5,-101,-37,-6,-68,-13,-94,-4,8,2,-68,-47,3,-48,-62,-104,-15,-13,-74,-52,-41,-61,-30,-3,-32,-16,-33,-33,-24,-19,36,-84,0,78,-128,-6,-22,19,23,-52,-40,-2,-39,6,-30,0,26,-58,-2,34,56,-131,-103,0,-13,-36,-75,-100,25,-88,-17,23,-13,6,-38,-12,-2,5,-35,-85,-59,-92,5,-21,-75,-5,-74,12,-50,-11,-44,22,-23,-41,-75,-64,-53,-44,-15,-3,29,-104,23,-26,76,-8,23,-3,43,-112,-13,-64,-10,18,20,-23,26,70,34,7,63,0,-111,17,8,-11,16,-48,28,-40,31,98,-47,-45,-35,-23,-11,27,87,-19,-27,-17,-36,-86,18,-13,-63,-38,-21,-75,-130,69,-86,-23,-8,-28,7,0,36,-1,35,24,16,-41,27,-49,-82,-30,34,-10,-38,-120,14,-10,-110,47,24,-20,-29,15,-9,-3,2,24,-26,-83,14,-157,-143,-33,1,53,-32,0,54,-54,-25,-159,-39,-104,-58,-60,-45,6,37,26,-30,-29,-103,13,29,-30,18,-49,40,-46,5,-13,70,32,2,36,-26,27,42,3,-72,39,-30,24,26,19,3,41,-18,-54,12,12,73,-30,69,-76,60,30,33,-21,32,-16,1,-64,-18,20,31,32,33,6,-88,58,9,37,-90,27,20,45,24,12,63,81,-118,32,4,-36,87,-12,34,14,39,47,-48,2,14,-36,13,63,38,77,2,19,-114,-84,51,75,-127,-69,-116,-33,-52,83,23,104,34,-7,-94,39,42,121,43,-25,-36,-45,23,-71,17,22,53,24,3,26,47,36,33,-25,-31,3,58,-19,80,48,31,27,17,-42,24,-8,-8,-4,-13,36,20,-24,30,-68,38,-26,-1,12,58,62,25,22,9,-30,73,3,2,81,-56,33,-62,29,-15,4,-11,-38,-23,-103,11,-57,55,-9,63,-176,-92,97,6,33,-44,-88,26,18,-24,4,-14,-17,23,27,-16,-16,42,18,3,0,61,-31,11,91,27,-16,80,-39,13,-6,-3,3,40,78,16,85,74,-28,40,-6,100,24,34,24,57,55,39,-40,-50,0,27,33,-4,16,48,-19,28,53,4,-15,23,-22,70,50,84,100,23,-25,-4,69,96,-59,16,-33,-4,-34,2,64,70,105,25,-22,71,89,49,24
11,-299,-325,-479,-235,-357,-437,-294,-217,-284,-371,-299,-501,-272,-496,-342,-495,-230,-282,-179,-326,-292,-237,-234,-465,-288,-314,-298,-248,-176,-158,-182,-213,-170,-221,-314,-200,-180,-212,-210,-171,-197,-244,-333,-215,-241,-284,-207,-257,-267,-186,-266,-295,-190,-215,-280,-202,-165,-224,-265,-196,-264,-232,-272,-228,-267,-205,-184,-189,-291,-239,-183,-299,-305,-204,-229,-295,-250,-224,-244,-114,-179,-222,-206,-268,-243,-226,-134,-281,-136,-134,-183,-139,-125,-224,-181,-234,-163,-221,-196,-196,-271,-287,-232,-173,-154,-220,-224,-173,-220,-207,-203,-117,-117,-116,-204,-200,-97,-127,-239,-208,-198,-133,-152,-159,-248,-186,-142,-120,-166,-158,-169,-109,-203,-118,-74,-240,-117,-73,-174,-74,-169,-178,-158,-163,-248,-113,-96,-136,-135,-240,-95,-170,-92,-185,-128,-130,-118,-153,-274,-250,-130,-180,-100,-254,-173,-109,-140,-123,-156,-90,-219,-220,-179,-188,-78,-85,-213,-125,-108,-203,-84,-177,-202,-164,-174,-84,-191,-125,-246,-127,-137,-143,-207,-179,-205,-84,-187,-89,-190,-177,-211,-143,-171,-106,-150,-197,-136,-171,-254,-163,-68,-111,-111,-96,-228,-185,-72,-90,-69,-72,-86,-93,-83,-98,-93,-125,-123,-194,-76,-90,-124,-232,-195,-191,-143,-156,-242,-116,-206,-226,-112,-195,-122,-159,-180,-169,-138,-102,-121,-165,-142,-88,-169,-99,-177,-107,-108,-136,-146,-161,-148,-115,-120,-125,-106,-84,-129,-194,-106,-140,-92,-101,-100,-116,-113,-144,-103,-77,-126,-136,-61,-113,-75,-74,-49,-69,-77,-136,-89,-80,-166,-162,-179,-114,-98,-156,-116,-206,-81,-182,-169,-267,-94,-140,-127,-141,-97,-120,-101,-100,-97,-73,-67,-117,-87,-60,-39,-71,-139,-53,-90,-59,-77,-196,-58,-169,-146,-205,-112,-77,-78,-119,-92,-108,-157,-105,-80,-73,-90,-113,-94,-132,-62,-98,-58,-73,-99,-79,-168,-90,-100,-61,-90,-61,-96,-100,-129,-136,-94,-63,-99,-50,-168,-92,-114,-56,-59,-101,-72,-65,-100,-48,-111,-60,-57,-106,-70,-57,-136,-56,-85,-78,-32,-101,-69,-81,-34,-139,-38,-58,-68,-134,-65,-112,-117,-40,-111,-93,-101,-97,-67,-71,-66,-98,-64,-24,-91,-81,-139,-121,-97,-190,-92,-34,-37,-113,-51,-148,-83,-78,-125,-30,-42,-89,-117,-70,-73,-65,-80,-82,-119,-107,-40,-75,-116,-35,-119,-62,-83,-60,-99,-133,-11,-48,-108,-62,-59,-118,-73,-136,-93,-62,-121,-134,-78,-128,-22,-47,-82,-84,-52,-115,-95,-147,-82,-44,-70,-84,-52,-68,-11,-59,-44,-40,-103,-74,-64,-47,-69,-87,-37,-88,-50,-94,-59,-41,-78,-59,-50,-50,-127,-74,-86,-59,-83,-143,-81,-74,-79,-100,-57,-101,-96,-58,-155,-50,-84,-122,-50,-126,-123,-108,-137,-52,-52,-80,-31,-165,-89,-118,-66,-61,-49,-118,-27,-117,-105,26,-93,-143,-121,-50,-114,-75,-27,-122,-59,-56,-55,-46,-33,-150,-28,-53,-84,-22,-127,-65,-35,-43,-65,-65,-74,-35,-59,-59,-75,-65,-92,-18,-90,-134,-48,-87,-87,-62,-93,-92,-52,-60,-70,-60,-93,-19,-92,-18,-50,-47,-2,-54,-68,-63,-51,-47,-52,-30,-72,0,-76,-34,-43,-81,-56,-5,-76,-72,-24,-6,-34,-30,-60,-43,-104,-79,-24,19,-79,-5,-24,-85,-13,-23,-13,-16,-97,-6,-35,-109,-141,-76,-43,-84,-49,-51,7,9,-100,-1,-76,-31,-89,-19,-89,-18,-96,-57,-13,-55,-21,-32,-69,-76,-33,-27,-102,-14,-37,-52,-49,-10,-56,-100,-5,-44,-32,34,0,-75,-16,-9,-21,-65,-27,-42,-29,-141,-14,-27,0,-13,-26,-26,-30,16,-85,-69,-15,0,21,-121,-33,-25,-57,-28,5,22,30,29,-27,29,-38,56,-10,-9,19,14,-27,-41,-6,28,-66,-53,24,21,-49,13,-30,-18,-17,-29,-1,19,53,86,-15,-11,-20,46,-55,-23,-18,-24,-36,-48,-28,14,-13,-41,-30,9,-33,-10,5,26,19,15,-11,-53,-34,-57,13,-4,-28,-71,-19,20,-6,-3,33,-16,-9,-9,-57,7,-78,18,14,-39,-62,-57,-42,-16,-17,-51,-21,-18,-30,1,-45,42,-106,-31,-68,-74,-42,-23,-47,-60,-4,-32,-105,0,-8,-14,13,2,-69,-10,29,-7,-8,-58,36,17,45,23,-70,8,13,15,27,35,-29,12,-22,0,-6,-35,17,37,24,-49,17,-41,16,18,28,14,21,33,7,7,26,29,69,5,52,61,24,56,-43,-11,53,36,-52,32,50,42,-15,-24,-62,70,69,20,82,17,-30,-45,10,2,35,-31,81,10,24,59,-49,-23,-68,68,49,-10,-55,15,20,40,30,-9,39,12,7,-52,42,-112,16,78,-19,-34,0,-2,-61,21,43,54,-33,23,14,44,0,-2,20,42,-15,45,2,49,19,-9,88,13,-35,-51,-25,-6,10,-42,43,50,26,-12,-50,0,-33,4,0,-7,-57,-66,48,37,-11,11,-24,86,-6,11,-59,-7,-39,33,20,-65,-1,-9,-70,2,30,43,-6,-34,-34,24,76,-102,1,10,57,-17,9,49,65,-34,25,-45,6,18,0,-9,37,39,-1,16,42,19,-68,11,-13,-1,-21,30,17,-41,14,3,33,-60,29,7,47,18,59,39,-37,27,29,29,78,-20,37,-6,25,-42,-113,-2,41,83,16,54,0,-16
12,-531,-263,-425,-434,-359,-368,-290,-237,-578,-444,-453,-245,-601,-439,-363,-331,-567,-449,-215,-332,-402,-330,-286,-254,-289,-377,-348,-307,-344,-219,-257,-181,-180,-217,-178,-164,-184,-164,-218,-248,-179,-302,-140,-241,-228,-256,-177,-251,-236,-190,-206,-264,-166,-274,-244,-139,-271,-274,-231,-199,-194,-166,-221,-256,-283,-195,-285,-174,-258,-201,-215,-224,-169,-208,-184,-147,-255,-232,-197,-171,-193,-163,-139,-120,-186,-151,-211,-267,-271,-140,-203,-222,-214,-148,-148,-161,-223,-174,-184,-149,-116,-172,-186,-190,-146,-221,-148,-126,-163,-231,-195,-130,-243,-183,-249,-121,-198,-114,-158,-194,-180,-116,-155,-121,-137,-121,-123,-205,-174,-101,-133,-178,-219,-256,-150,-137,-130,-228,-141,-205,-200,-101,-181,-147,-118,-172,-86,-104,-154,-155,-183,-164,-114,-167,-198,-197,-112,-107,-159,-88,-90,-186,-214,-221,-131,-192,-111,-100,-95,-153,-98,-192,-135,-216,-146,-109,-201,-86,-158,-148,-141,-173,-171,-119,-276,-126,-260,-237,-188,-136,-139,-175,-124,-127,-111,-112,-118,-169,-194,-114,-147,-122,-109,-119,-174,-123,-182,-227,-179,-107,-85,-123,-146,-165,-187,-130,-173,-143,-117,-131,-209,-189,-110,-102,-115,-140,-97,-186,-108,-134,-165,-124,-156,-103,-182,-156,-80,-95,-153,-95,-166,-157,-99,-106,-148,-197,-168,-152,-168,-135,-229,-150,-60,-94,-115,-111,-163,-168,-190,-180,-157,-82,-86,-169,-184,-123,-99,-63,-153,-176,-112,-123,-124,-110,-100,-84,-91,-101,-184,-174,-87,-126,-165,-159,-101,-202,-138,-175,-133,-103,-131,-128,-127,-102,-138,-68,-126,-134,-84,-165,-147,-95,-168,-136,-187,-88,-86,-80,-105,-174,-127,-112,-98,-98,-89,-125,-164,-125,-105,-132,-87,-104,-64,-132,-92,-100,-196,-93,-116,-148,-140,-169,-107,-131,-100,-137,-160,-143,-122,-108,-151,-110,-106,-176,-132,-94,-94,-167,-110,-64,-89,-97,-107,-79,-131,-67,-88,-99,-55,-203,-81,-102,-69,-89,-152,-175,-79,-121,-125,-147,-69,-58,-83,-77,-122,-138,-122,-13,-116,-90,-129,-50,-12,-106,-117,-60,-113,-71,-71,-93,-37,-60,-8,-150,-69,-95,-81,-75,-54,-96,-64,-72,-58,-91,-117,-65,-118,-38,-107,-86,-68,-62,-91,-105,-176,-210,-83,-143,-142,-49,-61,-113,-72,-160,-114,-44,-131,-149,-72,-90,-165,-82,-46,-43,-141,-162,-104,-93,-110,-77,-69,-88,-121,-100,-64,-112,-54,-148,-101,-107,-52,-108,-81,-165,-89,-69,-83,-78,-74,-118,-123,-65,-85,-109,-50,-45,-60,-197,-89,-91,-75,-69,-52,-139,-57,-57,-102,-97,-152,-74,-44,-65,-53,-120,-54,-110,-125,-55,-42,-109,-116,-61,-108,-102,-65,-49,-100,-70,-125,-113,-142,-113,-84,-105,-105,-19,-62,-117,-78,-70,-74,-55,-87,-74,-122,-136,-98,-82,-75,-41,-33,-119,-158,-48,-60,-71,-40,-56,-49,-137,-58,-97,-77,-43,-76,-68,-67,-80,-63,-71,-77,-63,-71,-25,-28,-115,-87,-97,-35,-69,-43,-75,-34,-49,-30,-80,-92,-20,-80,-90,-23,-66,-42,-21,-95,-16,-55,-75,-117,-4,-22,-59,-14,-48,-45,-93,-58,-37,-2,-120,-26,-92,-111,-116,-15,-24,-130,-13,-86,-90,-33,-37,-59,-48,-71,-61,-45,-79,-68,-64,-43,-56,-51,-154,-68,-59,-73,-41,-44,-147,-131,-76,-140,-51,-73,-26,-76,-106,-36,-44,-113,-56,-77,-29,-47,-31,-87,-42,-114,-22,-28,-80,-43,-54,-38,0,-80,-72,-20,-49,-34,-9,-79,-82,-66,-137,-38,-84,-94,-85,-87,-56,-104,-96,-46,-52,-82,-93,-43,-86,-105,-35,-46,-30,-110,-23,-22,-102,-81,-108,-50,-82,-48,-31,-69,-37,-70,-45,-40,-52,16,-25,-81,-46,-25,-108,-86,-34,-54,-95,-19,-45,-42,-22,-65,-32,-90,-40,-54,-35,-50,-19,-48,-58,-127,-33,-93,-36,-15,-57,-95,-17,-51,-31,-108,-28,-21,-57,-7,21,-24,-12,8,-66,-14,-40,-153,-96,-21,9,-28,-53,-39,-41,-146,5,-43,-61,10,-28,-39,-53,-60,-84,-80,-38,-51,-50,-99,-141,-52,-14,-39,-47,14,-59,-76,-103,-68,-27,-72,-55,-17,-63,-49,-51,-54,-22,-13,-27,-42,-27,-56,-32,-83,-50,-86,-15,7,-40,-3,-43,-12,-4,-33,-49,-32,-51,-3,-31,-33,-23,6,-60,-99,-44,1,-24,-18,-26,-8,11,-80,-51,-61,-34,-36,-106,-15,-73,-14,-53,-7,-40,-57,-30,13,-56,-25,-53,19,-70,-3,-36,-40,4,7,-29,-71,-8,-4,-42,-9,-100,-47,-72,-13,-93,-20,-69,9,-84,0,-89,-15,-2,-4,8,-77,-34,-40,-27,-59,-84,-3,-35,12,-14,33,-44,-10,20,-5,-58,-60,-42,-3,-20,-67,-42,-41,-23,-37,-25,-130,-28,-51,-1,-44,-105,34,-57,-75,-60,1,-15,1,-35,-67,-33,-79,-109,-6,-41,-22,-38,-29,-17,-40,-27,-39,3,-14,1,4,-31,2,-7,34,-49,14,16,-76,11,9,37,-28,-33,-45,-84,-34,-15,-26,-57,13,-25,-65,-8,-28,-43,12,-13,25,-22,-3,-24,-17,-17,4,0,37,-2,-52,-63,-13,-20,7,17,-69,11,-15,5,-32,2,7,37,19,-10,-34,-73,-4,-60,-18,-13,1,-56,34,39,-9,31,-54,43,85,0,-53,5,14,-65,-17,-9,-29,-94,-52,-72,-17,-31,-5,3,3,2,26,-24,72,14,-5,-58,1,40,-9,0
13,-255,-284,-261,-309,-373,-297,-264,-370,-508,-491,-427,-415,-373,-259,-523,-287,-334,-461,-583,-437,-375,-328,-521,-321,-336,-483,-263,-276,-229,-332,-333,-230,-323,-311,-275,-296,-345,-279,-289,-249,-203,-269,-249,-276,-316,-248,-329,-341,-279,-230,-197,-281,-212,-162,-214,-241,-343,-151,-304,-319,-161,-292,-198,-229,-276,-270,-293,-244,-272,-292,-275,-221,-230,-223,-224,-210,-155,-203,-232,-176,-210,-234,-263,-226,-254,-191,-234,-279,-198,-200,-236,-128,-154,-150,-173,-148,-265,-206,-184,-164,-175,-268,-199,-242,-198,-229,-176,-163,-143,-219,-227,-217,-198,-213,-289,-204,-208,-253,-160,-304,-189,-330,-195,-244,-262,-180,-165,-267,-181,-246,-279,-276,-193,-272,-206,-181,-255,-238,-202,-243,-199,-176,-209,-273,-215,-208,-123,-205,-139,-179,-171,-211,-206,-255,-204,-167,-267,-187,-217,-218,-155,-252,-138,-155,-196,-218,-230,-180,-160,-138,-225,-273,-148,-249,-289,-251,-139,-178,-129,-237,-157,-160,-202,-222,-185,-143,-163,-230,-215,-193,-241,-118,-196,-165,-233,-172,-166,-185,-163,-262,-256,-184,-219,-72,-114,-235,-186,-119,-72,-203,-231,-235,-234,-188,-209,-210,-225,-159,-106,-151,-182,-249,-156,-132,-210,-194,-195,-127,-196,-194,-158,-110,-174,-141,-213,-144,-88,-147,-221,-206,-176,-88,-140,-114,-111,-172,-108,-271,-98,-229,-88,-201,-127,-195,-92,-139,-161,-188,-240,-170,-111,-155,-118,-114,-170,-118,-179,-136,-117,-203,-267,-220,-232,-172,-118,-142,-104,-180,-107,-164,-189,-131,-182,-161,-211,-131,-101,-159,-94,-128,-113,-148,-132,-197,-200,-149,-163,-140,-141,-95,-179,-117,-113,-123,-171,-134,-130,-151,-103,-148,-215,-123,-222,-112,-134,-195,-121,-210,-142,-135,-167,-162,-147,-183,-112,-130,-211,-125,-222,-110,-116,-104,-154,-128,-154,-165,-163,-191,-87,-123,-128,-82,-88,-136,-91,-93,-107,-128,-122,-161,-131,-217,-126,-118,-73,-131,-98,-159,-95,-135,-127,-77,-40,-77,-92,-114,-129,-107,-145,-108,-212,-117,-127,-137,-85,-88,-136,-186,-169,-93,-93,-170,-115,-123,-85,-130,-66,-172,-135,-127,-149,-76,-121,-126,-112,-101,-184,-88,-114,-147,-167,-154,-97,-123,-85,-121,-90,-143,-113,-114,-124,-130,-107,-86,-181,-142,-85,-90,-124,-116,-142,-139,-119,-103,-58,-83,-130,-144,-150,-175,-147,-120,-99,-90,-98,-79,-201,-139,-156,-152,-97,-215,-100,-184,-88,-119,-100,-86,-74,-144,-82,-128,-165,-88,-95,-109,-94,-93,-96,-82,-65,-155,-149,-113,-68,-133,-128,-126,-118,-121,-85,-123,-115,-93,-139,-144,-119,-125,-125,-77,-87,-148,-77,-108,-103,-130,-81,-93,-125,-59,-163,-108,-141,-130,-118,-122,-72,-151,-79,-105,-72,-103,-121,-113,-119,-105,-71,-88,-73,-70,-127,-159,-208,-146,-67,-111,-87,-135,-85,-153,-83,-156,-177,-159,-73,-107,-86,-77,-134,-114,-56,-159,-89,-105,-72,-136,-148,-68,-121,-98,-111,-45,-58,-90,-102,-78,-106,-82,-100,-90,-168,-119,-135,-80,-142,-124,-102,-79,-129,-62,-126,-93,-94,-98,-49,-77,-46,-37,-151,-114,-108,-181,-116,-63,-108,-55,-23,-134,-146,-58,-65,-41,-87,-143,-122,-104,-82,-90,-61,-84,-56,-64,-75,-79,-78,-132,-89,-43,-95,-102,-55,-111,-115,-82,-129,-72,-125,-123,-61,-46,-51,-37,-49,-73,-149,-101,-45,-62,-135,-111,-112,-74,-45,-98,-41,-62,-91,4,-116,-106,-60,-53,-84,-50,-56,-65,-46,-83,-133,-59,-200,-94,-79,-105,-116,-90,-65,-77,-132,-111,-50,-89,-87,-42,-178,-58,-89,-53,-49,-65,-75,-83,-112,0,-68,-38,-99,-45,-58,-105,-43,-117,-87,-77,-68,-59,-53,-187,-73,-63,-105,-73,-161,-94,-82,-75,-79,-70,-77,-33,-91,-37,-66,-123,-64,-92,-93,-48,-60,-43,-92,-61,-54,-60,-31,-127,-52,-36,-21,-58,-30,-40,-64,-48,-71,-58,-65,-55,-80,-144,-103,-66,-56,-100,-67,-44,-79,-68,-77,-34,-108,-55,-118,-79,-45,-56,-85,-12,-36,-50,-71,-82,-46,-23,-61,-166,-114,-43,-83,-53,-39,-99,-71,-57,-81,-50,-74,-112,-114,-52,-59,-112,-48,-65,-54,-84,-86,-112,-29,-37,-62,-66,-70,-78,-51,-63,-12,-42,-40,-40,-73,-24,-88,-65,-74,-30,-75,-117,-102,-141,-58,-62,-39,-151,-67,-63,-72,-27,-85,-69,-60,-145,-116,-59,-55,-154,-117,-80,-16,-55,-74,-63,-112,-54,-110,-63,-18,-157,-104,-83,-82,-39,-110,-56,-66,-23,-71,-54,-16,-92,-62,-75,-58,-74,-61,-93,-100,-53,-13,-44,-23,-42,-64,-78,-3,-75,-69,-68,-91,-27,-19,-120,-37,-78,-43,-84,-54,-44,-85,-51,-89,-110,-94,-62,-105,-83,-27,17,-73,-52,-125,-52,-83,-62,-18,-61,-63,-116,-45,-79,-29,-114,-88,-60,-65,-49,-23,-73,-42,-66,-56,-81,-97,-87,-35,-68,-82,-82,-72,-51,-128,-3,-37,-43,-50,-22,-91,-43,-39,-84,-57,-61,-61,-135,-67,-55,-30,-17,-42,-22,-81,-43,-51,-38,-28,-45,-40,-27,-23,-21,1,-47,-79,-33,-5,-15,-31,-46,-72,-67,-67,-77,20,-88,-58,-93,-51,-43,-70,-18,-16,-45,-32,-14,-33,-48,-23,-40,-57,-62,-39,-68,1,-86,-49,-38,-79,-48,-48,-78,-121,-70,-3,-105,-106,-2,-50,-21,-15,-31,-19,-37,-35,-139,-89,-27,-49,-40,-41,-44,-59,-13,-39,-24,-36,-3,-28,-3,-42,-65
14,-313,-328,-399,-400,-401,-355,-500,-616,-298,-407,-536,-471,-560,-373,-346,-238,-543,-329,-416,-573,-484,-410,-452,-447,-462,-483,-321,-272,-285,-332,-217,-204,-241,-350,-282,-246,-264,-174,-309,-270,-152,-326,-277,-216,-208,-236,-286,-282,-242,-230,-266,-251,-228,-246,-223,-246,-242,-172,-260,-300,-215,-219,-241,-219,-252,-207,-300,-200,-282,-138,-210,-213,-213,-224,-144,-241,-183,-252,-160,-258,-194,-197,-205,-256,-195,-276,-160,-227,-163,-189,-285,-234,-147,-213,-204,-144,-190,-152,-133,-243,-209,-194,-178,-209,-124,-245,-232,-288,-187,-127,-158,-131,-111,-159,-136,-196,-178,-159,-193,-223,-145,-142,-190,-113,-122,-206,-201,-262,-243,-138,-274,-243,-177,-129,-225,-215,-254,-133,-242,-277,-169,-139,-209,-208,-238,-138,-151,-208,-117,-121,-154,-156,-198,-137,-192,-189,-202,-171,-212,-163,-262,-119,-125,-170,-195,-184,-157,-185,-227,-219,-205,-129,-204,-154,-243,-234,-212,-147,-209,-149,-189,-137,-225,-156,-193,-163,-211,-186,-124,-246,-156,-160,-231,-110,-153,-145,-185,-217,-136,-149,-123,-216,-164,-184,-144,-136,-139,-158,-189,-147,-159,-119,-223,-146,-239,-106,-234,-213,-159,-166,-131,-218,-136,-206,-129,-114,-163,-209,-152,-187,-170,-164,-200,-166,-207,-126,-167,-158,-163,-109,-125,-226,-188,-132,-79,-115,-166,-116,-111,-147,-98,-207,-165,-198,-144,-143,-105,-165,-211,-185,-134,-156,-111,-117,-123,-155,-199,-162,-222,-155,-190,-130,-160,-182,-110,-156,-126,-89,-130,-133,-131,-142,-118,-127,-104,-132,-201,-127,-127,-106,-208,-158,-145,-102,-164,-162,-166,-125,-142,-194,-171,-264,-162,-123,-129,-167,-111,-164,-152,-172,-182,-140,-185,-150,-215,-189,-160,-112,-141,-168,-198,-158,-146,-173,-121,-156,-136,-189,-135,-154,-134,-185,-162,-166,-166,-162,-154,-108,-141,-80,-184,-161,-124,-143,-122,-190,-90,-144,-81,-119,-112,-177,-222,-150,-204,-184,-131,-212,-155,-230,-136,-161,-107,-143,-96,-131,-182,-157,-104,-171,-109,-99,-84,-144,-138,-176,-111,-98,-140,-181,-106,-88,-186,-98,-158,-129,-120,-125,-118,-102,-149,-141,-160,-90,-154,-88,-115,-159,-133,-130,-181,-217,-102,-142,-214,-121,-222,-128,-179,-160,-115,-156,-197,-85,-182,-133,-152,-170,-206,-190,-91,-155,-106,-113,-88,-123,-162,-123,-144,-132,-154,-139,-165,-104,-168,-111,-187,-188,-184,-156,-194,-110,-105,-151,-188,-103,-142,-179,-165,-170,-156,-116,-104,-165,-200,-133,-151,-116,-173,-176,-189,-89,-54,-45,-115,-71,-144,-112,-125,-114,-93,-92,-131,-104,-107,-118,-198,-135,-103,-66,-119,-84,-71,-128,-77,-58,-139,-95,-78,-124,-127,-84,-129,-185,-96,-92,-63,-83,-109,-111,-146,-83,-125,-106,-86,-207,-110,-90,-110,-130,-55,-136,-191,-94,-72,-68,-123,-80,-68,-74,-80,-101,-89,-61,-115,-74,-86,-67,-71,-124,-93,-42,-131,-210,-80,-162,-100,-126,-116,-162,-88,-83,-142,-217,-146,-106,-66,-158,-200,-191,-99,-84,-156,-112,-86,-180,-86,-103,-153,-108,-143,-80,-103,-91,-85,-125,-103,-105,-127,-106,-93,-115,-161,-98,-122,-95,-124,-120,-88,-82,-114,-75,-123,-96,-74,-72,-117,-202,-122,-142,-63,-137,-109,-75,-87,-115,-61,-87,-175,-132,-89,-118,-80,-90,-154,-82,-127,-113,-108,-146,-128,-201,-87,-88,-165,-130,-100,-66,-85,-116,-166,-97,-51,-79,-148,-119,-130,-97,-80,-112,-98,-58,-148,-130,-145,-92,-109,-122,-64,-157,-80,-110,-55,-66,-159,-73,-78,-57,-139,-80,-116,-86,-84,-101,-96,-81,-63,-188,-64,-90,-86,-91,-79,-71,-80,-45,-91,-67,-119,-134,-65,-77,-105,-81,-135,-67,-108,-60,-69,-80,-95,-115,-71,-43,-42,-120,-124,-91,-113,-85,-131,-105,-86,-40,-79,-83,-104,-67,-107,-54,-113,-130,-91,-134,-83,-88,-53,-113,-83,-122,-151,-107,-90,-105,-91,-105,-34,-66,-74,-154,-153,-126,-256,-156,-151,-93,-131,-100,-49,-63,-102,-100,-77,-72,-76,-67,-74,-117,-41,-88,-77,-65,-118,-72,-61,-74,-74,-98,-88,-118,-94,-91,-98,-110,-91,-85,-154,-50,-117,-85,-89,-73,-102,-96,-60,-92,-66,-101,-76,-90,-58,-69,-131,-85,-70,-89,-78,-55,-99,-91,-68,-148,-89,-61,-124,-89,-73,-169,-97,-100,-51,-60,-76,-97,-125,-59,-8,-95,-58,-105,-83,-65,-50,-31,-49,-98,-150,-124,-59,-21,-62,-92,-89,-105,-103,-100,-113,-58,-81,-70,-69,-107,-68,-46,-91,-93,-77,-65,-61,-70,-108,-79,-105,-98,-47,-116,-115,-47,-70,-96,-68,-71,-109,-42,-78,-89,-113,-63,-44,-86,-80,-88,-48,-73,-44,-94,-31,-65,-88,-64,-28,-108,-99,-119,-76,-134,-75,-37,-86,-97,-135,-77,-68,-72,-65,-73,-50,-46,-77,-140,-84,-68,-87,-56,-73,-58,-45,-80,-86,-88,-38,-88,-93,-63,-29,-114,-98,-45,-69,-80,-62,-154,-62,-49,-175,-214,-96,-67,-62,-122,-51,-34,-92,-78,-6,-59,-61,-49,-117,-53,-60,-56,-116,-66,-94,-48,-97,-112,-79,-47,-65,-65,-91,-102,-136,-72,-90,-107,-63,-117,-32,-24,-70,-50,-45,-70,-71,-32,-46,-67,-54,-80,-118,-78,-39,-26,-68,-37,-63,-85,-45,-87,-38,-121,-126,-66,-62,-70,-100,-17,-40,-29,-39,-70,-33,-7,-52,-83,-68,-59,-55,-49,-159,-73,-63,-70,-46,-59,-40,-5,-28,-99,-61,-104,-77,-119,-65,-110,-65,-79
15,-239,-536,-281,-313,-404,-378,-577,-570,-315,-558,-419,-373,-346,-320,-728,-394,-338,-406,-220,-365,-609,-626,-428,-489,-333,-378,-358,-294,-383,-259,-344,-264,-342,-393,-369,-246,-273,-176,-273,-191,-336,-222,-228,-280,-314,-290,-220,-270,-249,-278,-197,-256,-231,-327,-187,-269,-242,-235,-273,-178,-372,-287,-292,-121,-280,-246,-256,-253,-204,-137,-221,-169,-251,-208,-303,-212,-162,-273,-271,-301,-274,-206,-259,-277,-257,-329,-249,-242,-136,-142,-245,-197,-220,-252,-211,-257,-255,-253,-207,-233,-144,-220,-156,-301,-248,-225,-308,-233,-128,-194,-174,-187,-216,-170,-242,-247,-185,-175,-206,-122,-244,-184,-168,-244,-178,-275,-175,-254,-294,-207,-223,-225,-127,-178,-288,-191,-165,-221,-305,-265,-217,-271,-147,-232,-269,-145,-195,-180,-272,-242,-240,-172,-227,-230,-158,-155,-184,-204,-243,-146,-268,-166,-195,-157,-237,-235,-169,-181,-146,-175,-138,-275,-150,-223,-188,-171,-121,-175,-252,-178,-177,-244,-271,-213,-222,-298,-257,-227,-164,-174,-221,-155,-230,-205,-153,-216,-193,-313,-194,-216,-254,-221,-286,-276,-225,-143,-195,-206,-128,-165,-148,-241,-227,-210,-217,-249,-228,-189,-164,-177,-200,-178,-271,-199,-163,-167,-158,-132,-217,-172,-210,-226,-128,-193,-159,-165,-240,-125,-162,-211,-186,-143,-229,-140,-138,-222,-234,-147,-226,-144,-212,-246,-230,-248,-227,-228,-214,-151,-201,-150,-271,-230,-163,-208,-227,-217,-149,-208,-153,-195,-157,-210,-156,-198,-226,-192,-196,-217,-239,-259,-235,-140,-142,-186,-161,-175,-240,-207,-272,-213,-142,-130,-183,-122,-177,-202,-116,-227,-185,-149,-217,-122,-148,-188,-186,-126,-160,-201,-190,-156,-144,-225,-197,-121,-146,-148,-182,-187,-107,-202,-246,-190,-163,-209,-230,-251,-186,-160,-191,-213,-175,-167,-191,-194,-185,-206,-176,-165,-119,-168,-165,-224,-198,-185,-103,-229,-269,-258,-199,-149,-119,-170,-170,-157,-243,-120,-143,-181,-195,-163,-152,-117,-161,-142,-230,-115,-184,-148,-153,-131,-196,-113,-170,-202,-239,-278,-99,-206,-130,-160,-220,-122,-136,-130,-100,-188,-154,-113,-132,-103,-123,-166,-187,-177,-105,-150,-142,-183,-135,-128,-180,-159,-166,-112,-173,-132,-119,-117,-133,-154,-164,-173,-134,-215,-102,-140,-222,-122,-163,-216,-113,-137,-148,-249,-185,-127,-162,-82,-138,-146,-197,-142,-180,-216,-134,-128,-213,-101,-140,-181,-148,-196,-189,-134,-186,-176,-156,-212,-197,-110,-119,-123,-122,-161,-147,-115,-124,-206,-186,-239,-98,-161,-176,-110,-166,-156,-115,-164,-93,-211,-78,-179,-127,-128,-187,-157,-93,-104,-91,-112,-142,-196,-86,-174,-157,-131,-150,-116,-104,-117,-163,-88,-85,-176,-71,-108,-101,-188,-102,-121,-155,-157,-105,-161,-172,-94,-105,-193,-90,-130,-103,-94,-133,-105,-135,-120,-88,-102,-105,-144,-150,-116,-96,-172,-113,-146,-171,-109,-142,-151,-128,-132,-128,-148,-92,-150,-160,-127,-186,-98,-98,-134,-141,-87,-106,-82,-102,-108,-105,-89,-113,-74,-109,-74,-114,-101,-89,-96,-117,-162,-126,-148,-133,-154,-114,-115,-105,-164,-102,-128,-92,-149,-159,-124,-124,-79,-138,-112,-94,-120,-93,-147,-61,-96,-176,-135,-117,-65,-151,-123,-61,-79,-115,-66,-64,-48,-77,-110,-87,-91,-116,-82,-111,-85,-100,-72,-82,-110,-81,-42,-83,-85,-133,-109,-58,-95,-86,-105,-62,-96,-66,-111,-60,-100,-92,-96,-92,-120,-81,-92,-94,-93,-102,-83,-75,-98,-125,-73,-79,-103,-55,-106,-102,-237,-146,-92,-73,-82,-136,-98,-117,-114,-94,-89,-89,-65,-74,-96,-139,-96,-89,-103,-78,-48,-51,-78,-138,-65,-89,-55,-110,-121,-91,-73,-88,-83,-89,-99,-92,-52,-109,-55,-106,-78,-107,-117,-150,-121,-97,-89,-56,-93,-94,-132,-84,-75,-147,-115,-65,-98,-112,-82,-149,-164,-62,-105,-58,-138,-78,-91,-53,-60,-94,-106,-92,-71,-64,-78,-101,-201,-80,-52,-69,-89,-95,-88,-63,-76,-63,-52,-68,-45,-35,-87,-68,-128,-91,-163,-74,-113,-63,-97,-91,-160,-94,-83,-50,-87,-122,-140,-101,-87,-89,-68,-69,-99,-69,-86,-108,-76,-131,-87,-53,-173,-135,-89,-117,-69,-102,-100,-25,-106,-110,-49,-91,-72,-44,-114,-111,-100,-107,-57,-87,-92,-128,-85,-43,-80,-114,-74,-91,-127,-61,-57,-79,-74,-68,-76,-90,-112,-103,-109,-104,-64,-93,-123,-67,-92,-109,-103,-104,-73,-72,-105,-29,-73,-79,-51,-103,-55,-95,-98,-106,-79,-104,-69,-121,-90,-76,-135,-69,-97,-98,-85,-104,-56,-105,-80,-132,-100,-33,-71,-127,-102,-82,-33,-56,-88,-71,-130,-101,-74,-101,-90,-64,-113,-110,-70,-65,-97,-112,-62,-62,-89,-80,-83,-56,-78,-90,-70,-61,-58,-80,-112,-66,-63,-19,-70,-60,-79,-61,-88,-96,-118,-37,-39,-82,-34,-61,-99,-45,-104,-75,-92,-70,-64,-78,-87,-30,-68,-86,-33,-69,-112,-96,-48,-101,-68,-58,-84,-56,-111,-58,-77,-132,-25,-90,-91,-44,-65,-41,-31,-77,-106,-63,-150,-81,-94,-61,-53,-117,-78,-71,-75,-137,-72,-54,-134,-97,-63,-48,-93,-56,-99,-64,-37,-68,-87,-38,-67,-36,-81,-30,-40,-91,-51,-49,-56,-37,-66,-48,-43,-111,-77,-34,-67,-94,-35,-97,-104,-70,-117,-62,-100,-42,-84,-45,-66,-65,-70,-109,-44,-61,-166,-67,-88,-85,-34,-103,-95,-87,-45,-80,-69,-112,-78,-26,-100,-32,-158
